Id;PLU;ScaleID;OrderID;SSCC;WeithingDate;NetWeight;TareWeight;UUID
-2147483642;101;F1A90176-894E-11EA-9E4C-4CCC6A93A440;NULL;00146071002300001728;2020-05-25 16:04:31.4533333;1254.000;250.000;71E713CB-524E-4C6B-BBFB-7CBE8EBB243B
-2147483641;101;F1A90176-894E-11EA-9E4C-4CCC6A93A440;NULL;00146071002300001735;2020-05-25 16:05:08.3633333;1254.000;250.000;1C47F0E9-F4E7-4965-9CCF-3AB2F6C4A967
-2147483640;101;F1A90176-894E-11EA-9E4C-4CCC6A93A440;NULL;00146071002300001742;2020-05-25 16:05:19.5600000;1254.000;250.000;DB743244-9CDB-4C32-B7F2-5001DF1A1B6F
-2147483639;101;F1A90176-894E-11EA-9E4C-4CCC6A93A440;NULL;00146071002300001759;2020-05-25 16:08:51.2300000;1254.000;250.000;0D05B9C3-A3DA-42A6-B7B7-A7F92F769838
-2147483638;101;F1A90176-894E-11EA-9E4C-4CCC6A93A440;NULL;00146071002300001766;2020-05-25 16:45:35.5200000;1024.000;254.000;7BAC6E19-A50F-4B3D-8BD0-5437CF1A2900
-2147483637;101;F1A90176-894E-11EA-9E4C-4CCC6A93A440;NULL;00146071002300001773;2020-05-25 16:55:14.3666667;1504.000;250.000;BFB71E7F-1CFB-40DA-9AFC-733262EDFBF0
-2147483636;101;F1A90176-894E-11EA-9E4C-4CCC6A93A440;NULL;00146071002300001780;2020-05-25 17:13:12.7633333;1504.000;250.000;AF13960F-9501-4661-B47B-0D8711194F10
-2147483635;101;F1A90176-894E-11EA-9E4C-4CCC6A93A440;NULL;00146071002300001797;2020-05-25 17:13:55.7200000;1504.000;250.000;AEABABB9-F0EB-464A-B402-AEA1A4149D40
-2147483634;101;F1A90176-894E-11EA-9E4C-4CCC6A93A440;NULL;00146071002300001803;2020-05-25 17:14:57.1933333;1504.000;250.000;5CAE7C27-0B58-4366-BCC5-FBF793DD8099
-2147483633;101;F1A90176-894E-11EA-9E4C-4CCC6A93A440;NULL;00146071002300001810;2020-05-25 17:19:14.3900000;1504.000;250.000;F0E40105-B0FA-4F18-9880-E2886D932B65
-2147483632;101;F1A90176-894E-11EA-9E4C-4CCC6A93A440;NULL;00146071002300001827;2020-05-25 17:19:24.2500000;1504.000;250.000;32D2CF50-39AB-423E-8A92-EAB08CED441D
-2147483631;101;F1A90176-894E-11EA-9E4C-4CCC6A93A440;NULL;00146071002300001834;2020-05-25 17:22:48.8000000;1504.000;250.000;857B1D9C-6666-41DD-853C-4CABA2EF7830
-2147483630;101;F1A90176-894E-11EA-9E4C-4CCC6A93A440;NULL;00146071002300001841;2020-05-25 17:24:44.5300000;1504.000;250.000;696811B7-BE48-45EF-8F9B-490071605CCF
-2147483629;101;F1A90176-894E-11EA-9E4C-4CCC6A93A440;NULL;00146071002300001858;2020-05-25 17:25:49.0666667;1504.000;250.000;71F1E512-791F-40C1-966D-54689EC26725
-2147483628;101;F1A90176-894E-11EA-9E4C-4CCC6A93A440;NULL;00146071002300001865;2020-05-25 17:35:31.2100000;1504.000;250.000;6C0DF3B4-E5D7-45D8-82E8-8791CD52C2BD
-2147483627;101;F1A90176-894E-11EA-9E4C-4CCC6A93A440;NULL;00146071002300001872;2020-05-25 17:35:37.2233333;1504.000;250.000;0A34ADF5-BAF4-484C-855E-64CE0F63AA29
-2147483626;101;F1A90176-894E-11EA-9E4C-4CCC6A93A440;NULL;00146071002300001889;2020-05-25 17:36:46.7333333;1504.000;250.000;6023CB05-410E-4DD0-A9F8-554AFF41E988
-2147483625;101;F1A90176-894E-11EA-9E4C-4CCC6A93A440;NULL;00146071002300001896;2020-05-25 17:37:27.2066667;1504.000;250.000;3D3634AF-80B1-425C-B45B-DAA312CFAE69
-2147483624;101;F1A90176-894E-11EA-9E4C-4CCC6A93A440;NULL;00146071002300001902;2020-05-25 17:43:22.8200000;1504.000;250.000;913A2AF3-49DC-43C2-B1EE-ED415CFC1A4C
-2147483623;101;F1A90176-894E-11EA-9E4C-4CCC6A93A440;NULL;00146071002300001919;2020-05-25 17:47:06.1066667;1524.000;150.000;2C616905-9056-418A-B3F4-EB81BACD7451
-2147483622;101;F1A90176-894E-11EA-9E4C-4CCC6A93A440;NULL;00146071002300001926;2020-05-25 17:47:15.0300000;1504.000;250.000;8141EFE5-AA98-493E-B02F-C61DB9201BBF
-2147483621;101;F1A90176-894E-11EA-9E4C-4CCC6A93A440;NULL;00146071002300001933;2020-05-25 17:47:22.2166667;1524.000;150.000;F39A0A8B-E1D4-4534-B959-E618DCCD0A53
-2147483620;101;F1A90176-894E-11EA-9E4C-4CCC6A93A440;NULL;00146071002300001940;2020-05-25 17:47:22.2333333;1524.000;150.000;A5F8ECB8-6DED-4D3E-B218-4FAEEAB60E74
-2147483619;101;F1A90176-894E-11EA-9E4C-4CCC6A93A440;NULL;00146071002300001957;2020-05-25 17:47:37.7200000;1524.000;150.000;73011315-B531-4AB4-9BF3-2CA2C9537F94
-2147483618;101;F1A90176-894E-11EA-9E4C-4CCC6A93A440;NULL;00146071002300001964;2020-05-25 17:48:03.4700000;1524.000;150.000;14A52585-7077-4A6B-BDAE-3FFE83AF7162
-2147483617;101;F1A90176-894E-11EA-9E4C-4CCC6A93A440;NULL;00146071002300001971;2020-05-25 17:49:56.4200000;1524.000;150.000;60B4C788-0755-4372-99B0-E65EEF781D28
-2147483616;101;F1A90176-894E-11EA-9E4C-4CCC6A93A440;NULL;00146071002300001988;2020-05-25 17:49:56.4666667;1504.000;250.000;62431E83-2851-4FCF-B6F6-75317A3C0541
-2147483615;101;F1A90176-894E-11EA-9E4C-4CCC6A93A440;NULL;00146071002300001995;2020-05-25 17:49:56.4966667;1524.000;150.000;47CBF9BD-31EA-4A4B-9CEA-F1B84C5DC811
-2147483614;101;F1A90176-894E-11EA-9E4C-4CCC6A93A440;NULL;00146071002300002008;2020-05-25 17:49:56.4966667;1524.000;150.000;153F4697-047A-4752-B1EF-C2C71625925C
-2147483613;101;F1A90176-894E-11EA-9E4C-4CCC6A93A440;NULL;00146071002300002015;2020-05-25 17:49:56.5300000;1524.000;150.000;33FC2E26-1DF3-49D4-91AF-0F5D66AB582D
-2147483612;101;F1A90176-894E-11EA-9E4C-4CCC6A93A440;NULL;00146071002300002022;2020-05-25 17:49:57.1400000;1524.000;150.000;805516B3-B5E7-4ECF-965C-8D6EA4F1D792
-2147483611;101;F1A90176-894E-11EA-9E4C-4CCC6A93A440;NULL;00146071002300002039;2020-05-25 17:49:57.1533333;1524.000;150.000;A892C032-A959-412E-A001-B0DBD4921520
-2147483610;101;F1A90176-894E-11EA-9E4C-4CCC6A93A440;NULL;00146071002300002046;2020-05-25 17:49:57.1700000;1524.000;150.000;5FAF8702-EB4D-4D2F-BE64-6E96DB074528
-2147483609;101;F1A90176-894E-11EA-9E4C-4CCC6A93A440;NULL;00146071002300002053;2020-05-25 17:49:57.1866667;1524.000;150.000;526643A8-96D9-4FA9-A55B-80DA44C96436
-2147483608;101;F1A90176-894E-11EA-9E4C-4CCC6A93A440;NULL;00146071002300002060;2020-05-25 17:49:57.2000000;1524.000;150.000;D3456CBF-0E8E-44F8-BEC0-9D19E1C7D2C8
-2147483607;101;F1A90176-894E-11EA-9E4C-4CCC6A93A440;NULL;00146071002300002077;2020-05-25 18:00:01.5733333;1524.000;150.000;6423FF35-C3F3-413A-A3CE-98F95E26BE37
-2147483606;101;F1A90176-894E-11EA-9E4C-4CCC6A93A440;NULL;00146071002300002084;2020-05-25 18:00:01.6200000;1504.000;250.000;942E15C7-5DD6-4FCE-A220-6B99501B98CF
-2147483605;101;F1A90176-894E-11EA-9E4C-4CCC6A93A440;NULL;00146071002300002091;2020-05-25 18:00:01.6533333;1524.000;150.000;219EF3CC-97F6-4A48-9757-284460B62029
-2147483604;101;F1A90176-894E-11EA-9E4C-4CCC6A93A440;NULL;00146071002300002107;2020-05-25 18:00:01.7000000;1524.000;150.000;D0D0B114-9239-4E3D-9D04-25EC24BCAB3E
-2147483603;101;F1A90176-894E-11EA-9E4C-4CCC6A93A440;NULL;00146071002300002114;2020-05-25 18:00:01.7166667;1524.000;150.000;164C661E-4A18-4397-A3D9-54F83732D922
-2147483602;101;F1A90176-894E-11EA-9E4C-4CCC6A93A440;NULL;00146071002300002121;2020-05-25 18:00:02.3400000;1524.000;150.000;D1A40B14-0069-49E0-9825-69AB5A84ED4D
-2147483601;101;F1A90176-894E-11EA-9E4C-4CCC6A93A440;NULL;00146071002300002138;2020-05-25 18:00:02.4333333;1524.000;150.000;8A68D930-8353-4DEA-AAA9-554C7A4346E0
-2147483600;101;F1A90176-894E-11EA-9E4C-4CCC6A93A440;NULL;00146071002300002145;2020-05-25 18:00:02.4500000;1524.000;150.000;192DBF6B-3363-4BFB-80CC-BCC99571F6C6
-2147483599;101;F1A90176-894E-11EA-9E4C-4CCC6A93A440;NULL;00146071002300002152;2020-05-25 18:00:02.7000000;1524.000;150.000;2EBD303B-322C-4F82-AABD-FBB139C1A427
-2147483598;101;F1A90176-894E-11EA-9E4C-4CCC6A93A440;NULL;00146071002300002169;2020-05-25 18:00:02.7300000;1524.000;150.000;B31D2E5E-D762-46FC-A510-CBF9E3F9E3CB
-2147483597;101;F1A90176-894E-11EA-9E4C-4CCC6A93A440;NULL;00146071002300002176;2020-05-25 18:00:51.2233333;1524.000;150.000;13D56B41-FD66-498D-8FE4-F8BE0E829AAE
-2147483596;101;F1A90176-894E-11EA-9E4C-4CCC6A93A440;NULL;00146071002300002183;2020-05-25 18:00:51.2700000;1504.000;250.000;F3DEE88C-2029-47BD-B288-C1AA6F228FC2
-2147483595;101;F1A90176-894E-11EA-9E4C-4CCC6A93A440;NULL;00146071002300002190;2020-05-25 18:00:51.4266667;1524.000;150.000;F1150251-9A9C-4249-806E-9D369F864D6F
-2147483594;101;F1A90176-894E-11EA-9E4C-4CCC6A93A440;NULL;00146071002300002206;2020-05-25 18:00:51.4566667;1524.000;150.000;C038652C-F92C-4196-ADC6-D404121F1413
-2147483593;101;F1A90176-894E-11EA-9E4C-4CCC6A93A440;NULL;00146071002300002213;2020-05-25 18:00:51.4733333;1524.000;150.000;9E6054EA-04E3-4F9D-82E0-9BFCB67BABF8
-2147483592;101;F1A90176-894E-11EA-9E4C-4CCC6A93A440;NULL;00146071002300002220;2020-05-25 18:00:52.0500000;1524.000;150.000;C1AD0AE1-AD30-4B22-913D-2AF1DF3818CF
-2147483591;101;F1A90176-894E-11EA-9E4C-4CCC6A93A440;NULL;00146071002300002237;2020-05-25 18:00:53.3633333;1524.000;150.000;27BB546C-8933-466A-95CD-ECCA07B9B469
-2147483590;101;F1A90176-894E-11EA-9E4C-4CCC6A93A440;NULL;00146071002300002244;2020-05-25 18:00:53.3800000;1524.000;150.000;9A75D151-BE45-42C2-BF36-B6440812789A
-2147483589;101;F1A90176-894E-11EA-9E4C-4CCC6A93A440;NULL;00146071002300002251;2020-05-25 18:00:53.5500000;1524.000;150.000;17AD5936-FFEF-4DF5-BB1A-4911C89BA990
-2147483588;101;F1A90176-894E-11EA-9E4C-4CCC6A93A440;NULL;00146071002300002268;2020-05-25 18:00:53.5666667;1524.000;150.000;042C23CC-5DFF-4C5F-BBE3-9A16AABB7879
-2147483587;101;F1A90176-894E-11EA-9E4C-4CCC6A93A440;NULL;00146071002300002275;2020-05-25 18:12:29.4233333;1524.000;150.000;D3645284-FD85-4793-B2F7-92EBCA8E16A0
-2147483586;101;F1A90176-894E-11EA-9E4C-4CCC6A93A440;NULL;00146071002300002282;2020-05-25 18:12:38.3766667;1524.000;150.000;09D7479B-B9DC-45CE-B2A8-3D50F283E12E
-2147483585;101;F1A90176-894E-11EA-9E4C-4CCC6A93A440;D7051D4B-94FC-11EA-9E4C-4CCC6A93A440;00146071002300002299;2020-05-25 18:12:38.4066667;1524.000;150.000;A2D7E797-9DC1-4DBF-B560-7B8349A20163
-2147483584;101;F1A90176-894E-11EA-9E4C-4CCC6A93A440;NULL;00146071002300002305;2020-05-26 10:02:59.0900000;1524.000;150.000;1FC06CEF-5707-4E17-A3E5-C159F2A52B43
-2147483583;101;F1A90176-894E-11EA-9E4C-4CCC6A93A440;NULL;00146071002300002312;2020-05-26 10:02:59.1400000;1504.000;250.000;08D4C1C1-FBFC-4135-8405-10D1B1C57CCD
-2147483582;101;F1A90176-894E-11EA-9E4C-4CCC6A93A440;NULL;00146071002300002329;2020-05-26 10:02:59.1533333;1524.000;150.000;8FE7D5BF-742D-48A9-A4B3-BB69A856D9F0
-2147483581;101;F1A90176-894E-11EA-9E4C-4CCC6A93A440;NULL;00146071002300002336;2020-05-26 10:02:59.1700000;1524.000;150.000;CB198A5E-11A2-4124-9B6D-A01018888BE6
-2147483580;101;F1A90176-894E-11EA-9E4C-4CCC6A93A440;NULL;00146071002300002343;2020-05-26 10:02:59.2000000;1524.000;150.000;81C3468D-BAC6-4204-98F2-732FCB95FF3F
-2147483579;101;F1A90176-894E-11EA-9E4C-4CCC6A93A440;NULL;00146071002300002350;2020-05-26 10:02:59.8266667;1524.000;150.000;E132897C-1833-44CE-B15E-800B50DAD8EE
-2147483578;101;F1A90176-894E-11EA-9E4C-4CCC6A93A440;NULL;00146071002300002367;2020-05-26 10:02:59.8400000;1524.000;150.000;14C869F7-863E-4450-A8A6-96E4629139DF
-2147483577;101;F1A90176-894E-11EA-9E4C-4CCC6A93A440;NULL;00146071002300002374;2020-05-26 10:02:59.8566667;1524.000;150.000;2D845FE2-D31C-444D-BC24-4209C0528238
-2147483576;101;F1A90176-894E-11EA-9E4C-4CCC6A93A440;NULL;00146071002300002381;2020-05-26 10:02:59.8733333;1524.000;150.000;C3B7C45E-78E8-481E-A388-D8D3DB72DAF3
-2147483575;101;F1A90176-894E-11EA-9E4C-4CCC6A93A440;D7051D4B-94FC-11EA-9E4C-4CCC6A93A440;00146071002300002398;2020-05-26 10:02:59.8733333;1524.000;150.000;1CA75AA5-9DC3-4DF1-905D-E8ECCD8D2DE3
-2147483574;101;F1A90176-894E-11EA-9E4C-4CCC6A93A440;NULL;00146071002300002404;2020-05-26 10:02:59.8900000;1524.000;150.000;C71FD6E0-0085-44C9-ADAF-D79E9AC5F8B9
-2147483573;101;F1A90176-894E-11EA-9E4C-4CCC6A93A440;NULL;00146071002300002411;2020-05-26 10:02:59.9033333;1524.000;150.000;8D4103B0-8B3B-4B6B-B5D2-89495C94F377
-2147483572;101;F1A90176-894E-11EA-9E4C-4CCC6A93A440;NULL;00146071002300002428;2020-05-26 11:45:56.7433333;1524.000;150.000;1C24CE11-F498-4116-9CE7-CF25924906EA
-2147483571;101;F1A90176-894E-11EA-9E4C-4CCC6A93A440;NULL;00146071002300002435;2020-05-26 11:49:46.9066667;1524.000;150.000;1D9876B1-9CB1-41C8-ACD6-FE023251ADCB
-2147483570;101;F1A90176-894E-11EA-9E4C-4CCC6A93A440;NULL;00146071002300002442;2020-05-26 12:04:11.4333333;1524.000;150.000;A38587BD-ED45-4488-86E0-1E8457138988
-2147483569;101;F1A90176-894E-11EA-9E4C-4CCC6A93A440;NULL;00146071002300002459;2020-05-26 12:05:04.4066667;1524.000;150.000;2AF50EB2-FA9B-4A93-813F-AABB45614F5F
-2147483568;101;F1A90176-894E-11EA-9E4C-4CCC6A93A440;NULL;00146071002300002466;2020-05-26 12:06:06.5900000;1524.000;150.000;12F8C9E6-A527-4AA8-A778-998356C24C80
-2147483567;101;F1A90176-894E-11EA-9E4C-4CCC6A93A440;NULL;00146071002300002473;2020-05-26 12:14:21.7600000;1524.000;150.000;A9793762-E685-42F9-BAF4-BF0D09BFC1F8
-2147483566;101;F1A90176-894E-11EA-9E4C-4CCC6A93A440;NULL;00146071002300002480;2020-05-26 12:15:11.5466667;1524.000;150.000;979E6FF2-3BEA-4F33-959A-FD19DC235707
-2147483565;101;F1A90176-894E-11EA-9E4C-4CCC6A93A440;NULL;00146071002300002497;2020-05-26 12:23:44.2933333;1524.000;150.000;2323CCF5-47F1-494E-A279-C2EC602FFEFE
-2147483564;101;F1A90176-894E-11EA-9E4C-4CCC6A93A440;NULL;00146071002300002503;2020-05-26 12:44:55.7300000;1524.000;150.000;574BD4E3-AE28-458B-97B3-6B060C87A7D6
-2147483563;101;F1A90176-894E-11EA-9E4C-4CCC6A93A440;NULL;00146071002300002510;2020-05-26 12:45:25.7666667;1524.000;150.000;F464793D-A36B-4B03-BE84-82A1D122745F
-2147483562;101;F1A90176-894E-11EA-9E4C-4CCC6A93A440;NULL;00146071002300002527;2020-05-26 12:46:08.8200000;1524.000;150.000;72444BC9-0606-496F-9E1D-827D8BB5815E
-2147483561;101;F1A90176-894E-11EA-9E4C-4CCC6A93A440;NULL;00146071002300002534;2020-05-26 12:47:50.1733333;1524.000;150.000;2F83832A-1C98-4C10-909B-81B132582F4C
-2147483560;101;F1A90176-894E-11EA-9E4C-4CCC6A93A440;NULL;00146071002300002541;2020-05-26 13:50:34.9533333;1524.000;150.000;033C6851-338B-4BB2-A06D-EBABD063024E
-2147483559;101;F1A90176-894E-11EA-9E4C-4CCC6A93A440;NULL;00146071002300002558;2020-05-26 13:56:26.1700000;9230.000;51.000;E1694F7D-E4FD-408B-B40A-159CC6AA5DFB
-2147483558;101;F1A90176-894E-11EA-9E4C-4CCC6A93A440;NULL;00146071002300002565;2020-05-26 13:56:39.1700000;8707.000;34.000;5F067EA6-3A86-4D69-9EFC-4C9E85F8349D
-2147483557;101;F1A90176-894E-11EA-9E4C-4CCC6A93A440;NULL;00146071002300002572;2020-05-26 13:57:35.6133333;1807.000;1309.000;F6AB620B-27AC-4CF4-AF1C-03AF402A66BC
-2147483556;101;F1A90176-894E-11EA-9E4C-4CCC6A93A440;NULL;00146071002300002589;2020-05-26 13:58:16.1333333;14072.000;1704.000;3946D48F-F0B3-4F81-A1CC-5FC5F1039751
-2147483555;101;F1A90176-894E-11EA-9E4C-4CCC6A93A440;NULL;00146071002300002596;2020-05-26 14:31:18.3466667;12767.000;1960.000;896427B2-1FD9-41CA-ABAE-BC098190F5E8
-2147483554;101;F1A90176-894E-11EA-9E4C-4CCC6A93A440;NULL;00146071002300002602;2020-05-26 14:33:24.4533333;1524.000;150.000;83BAACCB-BAF3-492F-A390-B902DCC0DCBF
-2147483553;101;F1A90176-894E-11EA-9E4C-4CCC6A93A440;NULL;00146071002300002619;2020-05-26 14:35:37.1100000;1524.000;150.000;37339FAC-E7CD-4661-8B9A-1642A4B303C0
-2147483552;101;F1A90176-894E-11EA-9E4C-4CCC6A93A440;NULL;00146071002300002626;2020-05-26 14:38:24.9066667;1524.000;150.000;248F7D71-CEB6-44AE-9096-4FFE23F5D1EA
-2147483551;101;F1A90176-894E-11EA-9E4C-4CCC6A93A440;NULL;00146071002300002633;2020-05-26 14:39:40.4933333;5359.000;1619.000;5F85B07C-3D0C-4ECE-925F-B9E783B29174
-2147483550;101;F1A90176-894E-11EA-9E4C-4CCC6A93A440;NULL;00146071002300002640;2020-05-26 14:42:52.7033333;6860.000;1164.000;AE464C8F-F8F8-49C8-97F2-695C71BDFBDB
-2147483549;101;F1A90176-894E-11EA-9E4C-4CCC6A93A440;NULL;00146071002300002657;2020-05-26 14:44:56.5266667;4378.000;1734.000;366150EB-541A-40D2-83BC-B29953031670
-2147483548;101;F1A90176-894E-11EA-9E4C-4CCC6A93A440;NULL;00146071002300002664;2020-05-26 14:57:05.6700000;0.000;0.000;27B82D30-893C-42DC-9EA3-E4A61F2C255C
-2147483547;101;F1A90176-894E-11EA-9E4C-4CCC6A93A440;NULL;00146071002300002671;2020-05-26 14:58:13.3333333;0.000;0.000;30A9E515-EDC3-4B45-9305-A41BBC6F5AD3
-2147483546;101;F1A90176-894E-11EA-9E4C-4CCC6A93A440;NULL;00146071002300002688;2020-05-26 14:58:31.8966667;0.000;0.000;7FE5CB79-B063-4134-BAE3-9B1F706E8EF6
-2147483545;101;F1A90176-894E-11EA-9E4C-4CCC6A93A440;NULL;00146071002300002695;2020-05-26 15:06:24.5933333;0.000;0.000;E623EA7C-B60F-4582-A45E-9B6277C91329
-2147483544;50;F1A90176-894E-11EA-9E4C-4CCC6A93A440;NULL;00146071002300002701;2020-05-26 15:06:58.6900000;0.000;0.000;1B2BDFE3-100D-450D-95D1-4502F74C16BB
-2147483543;101;F1A90176-894E-11EA-9E4C-4CCC6A93A440;NULL;00146071002300002718;2020-05-26 15:07:11.3933333;0.000;0.000;9DC183E8-FEFB-4F1D-A4C9-EF69B5D9691C
-2147483542;50;F1A90176-894E-11EA-9E4C-4CCC6A93A440;NULL;00146071002300002725;2020-05-26 15:07:14.6766667;0.000;0.000;7DCE7945-97F0-410B-92C4-431A896F4C74
-2147483541;50;F1A90176-894E-11EA-9E4C-4CCC6A93A440;NULL;00146071002300002732;2020-05-26 15:07:36.3500000;-1960.000;0.000;7665432D-8600-4516-9C0C-FC25E0D9DBFF
-2147483540;50;F1A90176-894E-11EA-9E4C-4CCC6A93A440;NULL;00146071002300002749;2020-05-26 15:14:55.5633333;1980.000;0.000;7DC2309D-0C67-4F2D-AC1B-C6DA6B5029DD
-2147483539;50;F1A90176-894E-11EA-9E4C-4CCC6A93A440;NULL;00146071002300002756;2020-05-26 15:15:10.0333333;2035.000;0.000;69A885A9-F41E-4E1A-A95A-952B79678815
-2147483538;50;F1A90176-894E-11EA-9E4C-4CCC6A93A440;NULL;00146071002300002763;2020-05-26 15:15:20.6266667;2260.000;0.000;072D570C-7FD7-4518-BB97-5EF7636D9622
-2147483537;50;F1A90176-894E-11EA-9E4C-4CCC6A93A440;NULL;00146071002300002770;2020-05-26 15:17:20.1066667;1960.000;0.000;8A127A01-2018-4597-A447-8A76E45FFBA3
-2147483536;50;F1A90176-894E-11EA-9E4C-4CCC6A93A440;NULL;00146071002300002787;2020-05-26 15:17:52.3766667;1980.000;0.000;0CA32CCA-C86F-437C-812C-BFC35CB7BCED
-2147483535;50;F1A90176-894E-11EA-9E4C-4CCC6A93A440;NULL;00146071002300002794;2020-05-26 15:25:47.6933333;1945.000;0.000;00FE1B22-99DD-4153-AFFE-29D0F5730600
-2147483534;50;F1A90176-894E-11EA-9E4C-4CCC6A93A440;NULL;00146071002300002800;2020-05-26 15:27:59.0333333;1950.000;0.000;9F947CA1-0A48-46C1-824D-BFFECCA05774
-2147483533;50;F1A90176-894E-11EA-9E4C-4CCC6A93A440;NULL;00146071002300002817;2020-05-26 15:30:56.1633333;1950.000;0.000;8DED1464-8229-4CBE-821B-B5A6554256F6
-2147483532;50;F1A90176-894E-11EA-9E4C-4CCC6A93A440;NULL;00146071002300002824;2020-05-26 15:33:42.5233333;1950.000;0.000;76B8EE4E-0798-4A9A-A732-8C166B9D9F9B
-2147483531;50;F1A90176-894E-11EA-9E4C-4CCC6A93A440;NULL;00146071002300002831;2020-05-26 15:37:27.7300000;1895.000;0.000;04A5FE25-C663-4E91-8DDC-5F24CB86D745
-2147483530;50;F1A90176-894E-11EA-9E4C-4CCC6A93A440;NULL;00146071002300002848;2020-05-26 15:39:03.8466667;1905.000;0.000;B68DEDA9-8994-42C2-A252-C2FBB89FB32B
-2147483529;108;F1A90176-894E-11EA-9E4C-4CCC6A93A440;NULL;00146071002300002855;2020-05-26 15:40:00.6200000;1910.000;0.000;C7DB51D7-BEEC-4449-86C3-76B5E1DEAB01
-2147483528;204;F1A90176-894E-11EA-9E4C-4CCC6A93A440;NULL;00146071002300002862;2020-05-26 15:40:12.9633333;1910.000;0.000;70EA3E6C-9BF0-4A08-ABA0-61725C75EA6E
-2147483527;50;F1A90176-894E-11EA-9E4C-4CCC6A93A440;NULL;00146071002300002879;2020-05-26 15:40:34.2866667;1910.000;0.000;16D134BE-FE17-4F39-A068-3479EEC537F8
-2147483526;50;F1A90176-894E-11EA-9E4C-4CCC6A93A440;NULL;00146071002300002886;2020-05-26 16:35:40.1166667;1960.000;0.000;27287F40-0550-4076-81C0-DE09F3DBB708
-2147483525;50;F1A90176-894E-11EA-9E4C-4CCC6A93A440;NULL;00146071002300002893;2020-05-26 16:35:48.4433333;2155.000;0.000;229EFA68-7B3C-499C-8265-873CC374A210
-2147483524;50;F1A90176-894E-11EA-9E4C-4CCC6A93A440;NULL;00146071002300002909;2020-05-26 17:38:13.4100000;2020.000;0.000;35902EC7-B1EA-41AE-9971-F2FD15CB5A04
-2147483523;150;F1A90176-894E-11EA-9E4C-4CCC6A93A440;NULL;00146071002300002916;2020-05-27 14:03:33.2100000;12217.000;555.000;95D535A2-387D-4754-BFB0-BDC2EAE57057
-2147483522;150;F1A90176-894E-11EA-9E4C-4CCC6A93A440;NULL;00146071002300002923;2020-05-27 14:04:33.7466667;1311.000;1144.000;7909FB6C-B719-427E-92FD-5366C44AC953
-2147483521;150;F1A90176-894E-11EA-9E4C-4CCC6A93A440;NULL;00146071002300002930;2020-05-27 14:09:23.4366667;5108.000;980.000;32B8E279-E577-47A6-A054-3142D09AF98D
-2147483520;150;F1A90176-894E-11EA-9E4C-4CCC6A93A440;NULL;00146071002300002947;2020-05-27 14:11:18.9333333;7708.000;1206.000;50645E5A-B8CF-45B9-8C39-0EC0DBC1F05F
-2147483519;150;F1A90176-894E-11EA-9E4C-4CCC6A93A440;NULL;00146071002300002954;2020-05-27 14:18:28.8633333;10562.000;1836.000;5479E55D-377D-4F39-B9DD-9D0255B7487E
-2147483518;150;F1A90176-894E-11EA-9E4C-4CCC6A93A440;NULL;00146071002300002961;2020-05-27 14:20:40.0500000;9137.000;1508.000;C6758118-5598-4E1D-AE5C-7A1F7C62F521
-2147483517;150;F1A90176-894E-11EA-9E4C-4CCC6A93A440;NULL;00146071002300002978;2020-05-27 16:41:27.7200000;5741.000;1776.000;D5AC9C4F-6F56-474D-B0BE-8933029AA111
-2147483516;150;F1A90176-894E-11EA-9E4C-4CCC6A93A440;NULL;00146071002300002985;2020-05-28 10:13:03.9500000;770.000;0.000;9BE5CDC3-E25F-40FD-9927-5B085409C3E1
-2147483515;50;F1A90176-894E-11EA-9E4C-4CCC6A93A440;NULL;00146071002300002992;2020-05-28 11:23:56.5500000;765.000;0.000;768D09A3-6702-4DCF-B8ED-C564A765FEF1
-2147483514;50;F1A90176-894E-11EA-9E4C-4CCC6A93A440;NULL;00146071002300003005;2020-05-28 11:23:59.5633333;765.000;0.000;9CB91176-E36F-4A8A-B65F-C8D116EE1410
-2147483513;50;F1A90176-894E-11EA-9E4C-4CCC6A93A440;NULL;00146071002300003012;2020-05-28 11:24:01.2366667;765.000;0.000;ADCB6F54-5D08-4622-A422-5C305404390F
-2147483512;150;F1A90176-894E-11EA-9E4C-4CCC6A93A440;NULL;00146071002300003029;2020-05-28 11:24:09.5333333;765.000;0.000;192A3E69-EC14-4A41-8942-4DB3F129C35D
-2147483511;50;F1A90176-894E-11EA-9E4C-4CCC6A93A440;NULL;00146071002300003036;2020-05-28 11:24:18.6900000;765.000;0.000;72A2E745-BC4A-494D-BFC3-7F3CB9A5DD49
-2147483510;50;F1A90176-894E-11EA-9E4C-4CCC6A93A440;NULL;00146071002300003043;2020-05-28 11:25:19.3533333;7920.000;690.000;1020AA65-E3CF-4E38-8138-A8E97B64CF6C
-2147483509;50;F1A90176-894E-11EA-9E4C-4CCC6A93A440;NULL;00146071002300003050;2020-05-28 11:27:26.9600000;19065.000;1375.000;D0974D2E-A0D1-42E2-B429-86A07252D2E3
-2147483508;214;F1A90176-894E-11EA-9E4C-4CCC6A93A440;NULL;00146071002300003067;2020-05-28 16:59:00.2933333;770.000;0.000;31429C86-7B88-41D1-869F-CA7AAB1403C3
-2147483507;209;F1A90176-894E-11EA-9E4C-4CCC6A93A440;NULL;00146071002300003074;2020-05-28 16:59:45.5500000;770.000;0.000;FEE27650-AF46-425C-9C2D-D2258D301A5A
-2147483506;211;F1A90176-894E-11EA-9E4C-4CCC6A93A440;NULL;00146071002300003081;2020-05-28 17:00:58.7600000;770.000;0.000;FB5058EC-3D4F-4D8A-AB28-E7000C7C81F3
-2147483505;213;F1A90176-894E-11EA-9E4C-4CCC6A93A440;NULL;00146071002300003098;2020-06-01 17:03:16.4366667;1420.000;0.000;2A00C956-1791-400D-8FCE-90835DE18DE4
-2147483504;213;F1A90176-894E-11EA-9E4C-4CCC6A93A440;NULL;00146071002300003104;2020-06-01 17:03:21.4833333;1420.000;0.000;E5CC29EA-DD36-456A-8ADC-2EB836E5D966
-2147483503;213;F1A90176-894E-11EA-9E4C-4CCC6A93A440;NULL;00146071002300003111;2020-06-01 17:04:22.9900000;1420.000;0.000;31B3245C-C330-488F-9847-304FA45DE02B
-2147483502;213;F1A90176-894E-11EA-9E4C-4CCC6A93A440;NULL;00146071002300003128;2020-06-01 17:05:06.1633333;1420.000;0.000;B54BD45A-308C-43DA-B048-220F6EFF59F1
-2147483501;213;F1A90176-894E-11EA-9E4C-4CCC6A93A440;NULL;00146071002300003135;2020-06-01 17:05:36.2600000;1420.000;0.000;4B8D2D30-85F1-4C18-A006-89D79E4EFC79
-2147483500;213;F1A90176-894E-11EA-9E4C-4CCC6A93A440;NULL;00146071002300003142;2020-06-01 17:06:51.3000000;1420.000;0.000;5FD192C9-DA8D-43A6-9140-2037D6BC1DA4
-2147483499;213;F1A90176-894E-11EA-9E4C-4CCC6A93A440;NULL;00146071002300003159;2020-06-02 08:40:37.8966667;1420.000;0.000;67B08833-D373-4DDE-8EDC-1D1D8AF283AA
-2147483498;213;F1A90176-894E-11EA-9E4C-4CCC6A93A440;NULL;00146071002300003166;2020-06-02 08:41:58.2166667;1420.000;0.000;6DB630D6-DAD2-4390-A9CB-F992A1FBC337
-2147483497;210;F1A90176-894E-11EA-9E4C-4CCC6A93A440;NULL;00146071002300003173;2020-06-02 09:11:38.2100000;1425.000;0.000;BDB3ED4A-6032-411F-9F24-66C4E37FDDA3
-2147483496;210;F1A90176-894E-11EA-9E4C-4CCC6A93A440;NULL;00146071002300003180;2020-06-02 09:12:49.4400000;1425.000;0.000;A774C737-69F9-464E-8AED-04286A9A22BC
-2147483495;210;F1A90176-894E-11EA-9E4C-4CCC6A93A440;NULL;00146071002300003197;2020-06-02 09:38:37.2900000;1420.000;0.000;1749515F-AD12-4BA7-9E24-D00FB5512A1B
-2147483494;210;F1A90176-894E-11EA-9E4C-4CCC6A93A440;NULL;00146071002300003203;2020-06-02 09:38:43.5866667;1420.000;0.000;14B5FE5F-3783-42A8-8CF5-FFDD12FB27DE
-2147483493;210;F1A90176-894E-11EA-9E4C-4CCC6A93A440;NULL;00146071002300003210;2020-06-02 09:39:31.3100000;1420.000;0.000;D8C87655-6293-4AFE-AF88-41C9624C4AC1
-2147483492;210;F1A90176-894E-11EA-9E4C-4CCC6A93A440;NULL;00146071002300003227;2020-06-02 09:39:40.3266667;1420.000;0.000;8F22C9FA-689A-4536-AB29-4FD1A2B9459E
-2147483491;210;F1A90176-894E-11EA-9E4C-4CCC6A93A440;NULL;00146071002300003234;2020-06-02 09:39:44.6400000;1420.000;0.000;91B2B87B-13A8-4E61-ADDE-4C1A377DF8E6
-2147483490;210;F1A90176-894E-11EA-9E4C-4CCC6A93A440;NULL;00146071002300003241;2020-06-02 09:46:11.6066667;1420.000;0.000;486A9D86-874F-4F0D-ACE7-4691A62156B3
-2147483489;210;F1A90176-894E-11EA-9E4C-4CCC6A93A440;NULL;00146071002300003258;2020-06-02 09:52:39.1400000;1420.000;0.000;01124532-9D7D-48C9-8CBA-AA8427A224A2
-2147483488;210;F1A90176-894E-11EA-9E4C-4CCC6A93A440;NULL;00146071002300003265;2020-06-02 10:28:36.5333333;1420.000;0.000;C466317C-B0F5-4655-A1CE-FD8A3F8BCFE7
-2147483487;210;F1A90176-894E-11EA-9E4C-4CCC6A93A440;NULL;00146071002300003272;2020-06-02 10:29:30.4300000;1420.000;0.000;CD2DF223-3136-409F-8393-333A6063A9EF
-2147483486;210;F1A90176-894E-11EA-9E4C-4CCC6A93A440;NULL;00146071002300003289;2020-06-02 10:47:43.1500000;1420.000;0.000;045F4D71-CAA5-45C1-B4CE-2C669FC00DB1
-2147483485;210;F1A90176-894E-11EA-9E4C-4CCC6A93A440;NULL;00146071002300003296;2020-06-02 10:47:59.5766667;1420.000;0.000;C098ADA2-A064-4705-9B9B-CA50E481AEF4
-2147483484;210;F1A90176-894E-11EA-9E4C-4CCC6A93A440;NULL;00146071002300003302;2020-06-02 11:14:10.1700000;1420.000;0.000;873B91A0-5093-4EBF-8BD0-C14895331412
-2147483483;210;F1A90176-894E-11EA-9E4C-4CCC6A93A440;NULL;00146071002300003319;2020-06-02 11:42:55.6866667;1420.000;0.000;0EFDBA9D-51E1-4C7E-9AD9-CB168FCFE4C3
-2147483482;210;F1A90176-894E-11EA-9E4C-4CCC6A93A440;NULL;00146071002300003326;2020-06-02 11:43:18.0200000;1420.000;0.000;007B9F63-1F82-4310-9DE3-B2684A295438
-2147483481;210;F1A90176-894E-11EA-9E4C-4CCC6A93A440;NULL;00146071002300003333;2020-06-02 11:47:01.7366667;1420.000;0.000;0CF3D465-9C33-4E8D-860B-E137281699AF
-2147483480;210;F1A90176-894E-11EA-9E4C-4CCC6A93A440;NULL;00146071002300003340;2020-06-02 11:52:24.2433333;1420.000;0.000;42E6FB9E-8B06-425F-92C8-C8B4AA52DAB8
-2147483479;210;F1A90176-894E-11EA-9E4C-4CCC6A93A440;NULL;00146071002300003357;2020-06-02 11:53:02.4666667;1420.000;0.000;349A8198-43C2-4FA7-93E1-FC97FF6C6618
-2147483478;210;F1A90176-894E-11EA-9E4C-4CCC6A93A440;NULL;00146071002300003364;2020-06-02 11:53:41.6733333;1420.000;0.000;2C13AE81-F783-4214-A932-9E923DE84E75
-2147483477;210;F1A90176-894E-11EA-9E4C-4CCC6A93A440;NULL;00146071002300003371;2020-06-02 11:54:31.6766667;1420.000;0.000;14943F39-EF2C-4A3D-8EB6-E81A9373D683
-2147483476;210;F1A90176-894E-11EA-9E4C-4CCC6A93A440;NULL;00146071002300003388;2020-06-02 11:56:06.8266667;1420.000;0.000;B92B53CA-68C3-4882-A012-5F352C3468E1
-2147483475;210;F1A90176-894E-11EA-9E4C-4CCC6A93A440;NULL;00146071002300003395;2020-06-02 11:57:13.3233333;1420.000;0.000;0C74733A-506C-4A03-8733-653F4D6C2814
-2147483474;210;F1A90176-894E-11EA-9E4C-4CCC6A93A440;NULL;00146071002300003401;2020-06-02 11:58:13.8833333;1420.000;0.000;4A1ACDE3-ACD2-45E6-8C14-EC600FE676FE
-2147483473;210;F1A90176-894E-11EA-9E4C-4CCC6A93A440;NULL;00146071002300003418;2020-06-02 12:00:09.0000000;1420.000;0.000;77C15331-460C-440E-831F-671C1BAEDB25
-2147483472;210;F1A90176-894E-11EA-9E4C-4CCC6A93A440;NULL;00146071002300003425;2020-06-02 12:03:30.5266667;1420.000;0.000;9C600F69-C183-456C-B1C4-5DE5FB0A6874
-2147483471;210;F1A90176-894E-11EA-9E4C-4CCC6A93A440;NULL;00146071002300003432;2020-06-02 12:04:52.8466667;1420.000;0.000;3D4B2D10-59C2-43D6-B904-C2746AF57E03
-2147483470;210;F1A90176-894E-11EA-9E4C-4CCC6A93A440;NULL;00146071002300003449;2020-06-02 12:07:26.8600000;1420.000;0.000;6B064D8F-8B97-4180-AB93-3FD51E5D55DF
-2147483469;210;F1A90176-894E-11EA-9E4C-4CCC6A93A440;NULL;00146071002300003456;2020-06-02 12:08:36.3200000;1420.000;0.000;BBAFB974-AA62-4B19-8EC9-838A019AD4F9
-2147483468;210;F1A90176-894E-11EA-9E4C-4CCC6A93A440;NULL;00146071002300003463;2020-06-02 12:09:32.1200000;1420.000;0.000;EB596261-79C6-47BC-A896-C7E0086C0B89
-2147483467;210;F1A90176-894E-11EA-9E4C-4CCC6A93A440;NULL;00146071002300003470;2020-06-02 13:29:23.2666667;1420.000;0.000;ABF2EEC0-480B-4CA1-A26D-7697BA0B22CE
-2147483466;210;F1A90176-894E-11EA-9E4C-4CCC6A93A440;NULL;00146071002300003487;2020-06-02 13:30:38.9900000;1420.000;0.000;DA08D005-C8FA-49E0-80D7-F81BCE98469A
-2147483465;108;F1A90176-894E-11EA-9E4C-4CCC6A93A440;NULL;00146071002300003494;2020-06-02 15:11:19.6600000;1420.000;0.000;8779839A-0FDE-48D5-94A6-6C90E1F1FA91
-2147483464;108;F1A90176-894E-11EA-9E4C-4CCC6A93A440;NULL;00146071002300003500;2020-06-02 15:12:13.1133333;1420.000;0.000;88747683-C284-4E71-9166-F7BDC6F50037
-2147483463;215;F1A90176-894E-11EA-9E4C-4CCC6A93A440;NULL;00146071002300003517;2020-06-02 15:12:28.5200000;1420.000;0.000;0B536869-32CD-46E7-89CC-07B62A83253E
-2147483462;215;F1A90176-894E-11EA-9E4C-4CCC6A93A440;NULL;00146071002300003524;2020-06-02 15:12:44.0833333;1420.000;0.000;0018BE9B-5FDA-4D2D-ABF9-D890C58F4410
-2147483461;101;F1A90176-894E-11EA-9E4C-4CCC6A93A440;NULL;00146071002300003531;2020-06-02 15:13:00.0533333;1420.000;0.000;304C4CF0-F798-4243-8743-CD8A6FF4210B
-2147483460;150;F1A90176-894E-11EA-9E4C-4CCC6A93A440;NULL;00146071002300003548;2020-06-02 15:17:48.4833333;1420.000;0.000;35AC4547-2E01-4747-9ABD-9FAFF3076FC8
-2147483459;205;F1A90176-894E-11EA-9E4C-4CCC6A93A440;NULL;00146071002300003555;2020-06-02 15:38:11.3366667;1420.000;0.000;F35B9C56-7847-4C3D-9F1C-C7B73DC32356
-2147483458;209;F1A90176-894E-11EA-9E4C-4CCC6A93A440;NULL;00146071002300003562;2020-06-02 15:38:19.6000000;1420.000;0.000;6BDE7244-81B5-4DEC-8E61-58FC8F14F951
-2147483457;50;F1A90176-894E-11EA-9E4C-4CCC6A93A440;NULL;00146071002300003579;2020-06-02 15:38:29.4466667;1420.000;0.000;71AA85AC-FFAC-4221-A66F-E6AB381A9FF8
-2147483456;211;F1A90176-894E-11EA-9E4C-4CCC6A93A440;NULL;00146071002300003586;2020-06-02 15:39:21.2800000;1420.000;0.000;FA51529F-DEA5-40E7-9489-0505D3D04141
-2147483455;50;F1A90176-894E-11EA-9E4C-4CCC6A93A440;NULL;00146071002300003593;2020-06-02 15:42:30.1800000;1420.000;0.000;B35E13E5-284A-4832-9B76-8F718215F90E
-2147483454;50;F1A90176-894E-11EA-9E4C-4CCC6A93A440;NULL;00146071002300003609;2020-06-02 15:45:55.4333333;1425.000;0.000;B120DBB3-6FC4-4E78-966F-B26BCE76B082
-2147483453;50;F1A90176-894E-11EA-9E4C-4CCC6A93A440;NULL;00146071002300003616;2020-06-02 15:47:34.2300000;1425.000;0.000;9E2C34A8-2C3E-4843-B59B-89D8328576B3
-2147483452;50;F1A90176-894E-11EA-9E4C-4CCC6A93A440;NULL;00146071002300003623;2020-06-02 15:49:14.2400000;1425.000;0.000;96878E83-BE4B-4D0D-96F8-948B067C1577
-2147483451;50;F1A90176-894E-11EA-9E4C-4CCC6A93A440;NULL;00146071002300003630;2020-06-02 15:49:52.8833333;1425.000;0.000;4203C6D2-9B87-4D78-9FB1-381C68B1045D
-2147483450;50;F1A90176-894E-11EA-9E4C-4CCC6A93A440;NULL;00146071002300003647;2020-06-02 15:50:54.1866667;1425.000;0.000;3F046C3C-3AE2-41D7-9AEE-89E192A203EA
-2147483449;50;F1A90176-894E-11EA-9E4C-4CCC6A93A440;NULL;00146071002300003654;2020-06-02 16:04:45.8900000;1420.000;400.000;175B1651-19B6-4C7D-9121-7D1B8F414390
-2147483448;50;F1A90176-894E-11EA-9E4C-4CCC6A93A440;NULL;00146071002300003661;2020-06-02 16:06:55.9433333;1420.000;400.000;C5AAC5B9-09D9-4A8E-8369-E7AA8B47A4D0
-2147483447;50;F1A90176-894E-11EA-9E4C-4CCC6A93A440;NULL;00146071002300003678;2020-06-02 16:07:21.4533333;1420.000;400.000;A6A5826B-778C-4988-9AA5-2AEF090B495E
-2147483446;150;F1A90176-894E-11EA-9E4C-4CCC6A93A440;NULL;00146071002300003685;2020-06-02 16:20:18.4866667;1420.000;400.000;C461F391-9E8F-4BD2-98DF-30F3F6219A34
-2147483445;50;F1A90176-894E-11EA-9E4C-4CCC6A93A440;NULL;00146071002300003692;2020-06-02 16:22:20.7633333;1425.000;400.000;AA53EE92-795D-4EAF-B728-E322A58D8B64
-2147483444;50;F1A90176-894E-11EA-9E4C-4CCC6A93A440;NULL;00146071002300003708;2020-06-02 16:45:48.2733333;1430.000;400.000;F062AC7B-9E65-4529-8ADF-DE98E18E097A
-2147483443;50;F1A90176-894E-11EA-9E4C-4CCC6A93A440;NULL;00146071002300003715;2020-06-03 09:32:11.5700000;0.000;400.000;78586448-3975-49F4-98C1-4EEC2653C708
-2147483442;50;F1A90176-894E-11EA-9E4C-4CCC6A93A440;NULL;00146071002300003722;2020-06-03 09:32:39.3666667;0.000;400.000;1CF8E48F-89C0-4BB1-AEB6-C92A13D178E2
-2147483441;50;F1A90176-894E-11EA-9E4C-4CCC6A93A440;NULL;00146071002300003739;2020-06-03 09:36:29.5166667;1985.000;400.000;2E79316A-3F70-43FF-9356-20335341556A
-2147483440;50;F1A90176-894E-11EA-9E4C-4CCC6A93A440;NULL;00146071002300003746;2020-06-03 09:40:23.2500000;1985.000;400.000;9206C999-DE08-4069-8842-49088095AD2F
-2147483439;50;F1A90176-894E-11EA-9E4C-4CCC6A93A440;NULL;00146071002300003753;2020-06-03 09:40:47.5866667;2390.000;400.000;83ED433A-0E1F-4487-8ACE-2604F643E886
-2147483438;50;F1A90176-894E-11EA-9E4C-4CCC6A93A440;NULL;00146071002300003760;2020-06-03 09:41:12.8900000;2390.000;400.000;33A87D89-E7D3-4DA9-A98B-C334B0CA0DA2
-2147483437;50;F1A90176-894E-11EA-9E4C-4CCC6A93A440;NULL;00146071002300003777;2020-06-03 09:42:48.4000000;1985.000;400.000;91560938-CAD6-4C66-8934-2CE1E2500E43
-2147483436;50;F1A90176-894E-11EA-9E4C-4CCC6A93A440;NULL;00146071002300003784;2020-06-03 09:43:56.0066667;1985.000;400.000;394484A4-F677-49EF-988E-11CD904C405D
-2147483435;50;F1A90176-894E-11EA-9E4C-4CCC6A93A440;NULL;00146071002300003791;2020-06-03 09:45:21.1066667;1985.000;400.000;A2B2CC12-6A5D-4BB5-977D-F7E237938AA6
-2147483434;150;F1A90176-894E-11EA-9E4C-4CCC6A93A440;NULL;00146071002300003807;2020-06-03 09:50:10.5900000;1990.000;400.000;74F77F47-6748-48E5-BC6A-B930C4C9C62F
-2147483433;150;F1A90176-894E-11EA-9E4C-4CCC6A93A440;NULL;00146071002300003814;2020-06-03 09:51:23.4233333;1990.000;400.000;592D71BD-892B-43FA-A5B4-3B34C883E529
-2147483432;50;F1A90176-894E-11EA-9E4C-4CCC6A93A440;NULL;00146071002300003821;2020-06-03 09:54:05.7900000;1960.000;400.000;15A39430-7F35-4355-A909-45A7CCBCC7F9
-2147483431;204;F1A90176-894E-11EA-9E4C-4CCC6A93A440;NULL;00146071002300003838;2020-06-03 10:07:10.4200000;2110.000;500.000;624F1188-8302-47A5-88C3-97FADC6687D7
-2147483430;50;F1A90176-894E-11EA-9E4C-4CCC6A93A440;NULL;00146071002300003845;2020-06-03 10:07:36.1133333;2110.000;400.000;1E009E81-24CD-4291-AC17-6B155D29D718
-2147483429;50;F1A90176-894E-11EA-9E4C-4CCC6A93A440;NULL;00146071002300003852;2020-06-03 10:07:56.9433333;2110.000;400.000;48E3E6FF-3558-47BB-A5BE-2E371F878E05
-2147483428;50;F1A90176-894E-11EA-9E4C-4CCC6A93A440;NULL;00146071002300003869;2020-06-03 11:06:16.8833333;1940.000;400.000;67D126A4-466E-4F1E-BC9B-A6EB344D0F10
-2147483427;50;F1A90176-894E-11EA-9E4C-4CCC6A93A440;NULL;00146071002300003876;2020-06-03 11:07:14.7200000;1930.000;400.000;9F03A421-D947-42A2-B040-0B4C7F273D20
-2147483426;50;F1A90176-894E-11EA-9E4C-4CCC6A93A440;NULL;00146071002300003883;2020-06-03 11:07:28.9133333;1935.000;400.000;AAE9E131-3D93-441C-8B69-36127286D738
-2147483425;50;F1A90176-894E-11EA-9E4C-4CCC6A93A440;NULL;00146071002300003890;2020-06-03 11:07:44.2300000;1935.000;400.000;94F12324-C3EC-49B3-936E-F6B40C568942
-2147483424;50;F1A90176-894E-11EA-9E4C-4CCC6A93A440;NULL;00146071002300003906;2020-06-03 11:08:00.9033333;1935.000;400.000;0D608C09-9EA6-411B-9D44-6C6960D0FDDA
-2147483423;50;F1A90176-894E-11EA-9E4C-4CCC6A93A440;NULL;00146071002300003913;2020-06-03 11:18:26.1733333;1910.000;400.000;1841301A-1949-4AED-BDA0-4D0D6BDA764F
-2147483422;50;F1A90176-894E-11EA-9E4C-4CCC6A93A440;NULL;00146071002300003920;2020-06-03 11:18:38.6733333;1910.000;400.000;1BB84FD1-0006-410F-9855-A6D54F650B11
-2147483421;50;F1A90176-894E-11EA-9E4C-4CCC6A93A440;NULL;00146071002300003937;2020-06-03 11:20:14.6700000;1910.000;400.000;C2171213-3D22-4F72-B7B6-3C6CB0726C17
-2147483420;50;F1A90176-894E-11EA-9E4C-4CCC6A93A440;NULL;00146071002300003944;2020-06-03 11:20:39.9833333;1910.000;400.000;8C686178-A0A2-477E-B920-54DA9F8DAC1F
-2147483419;50;F1A90176-894E-11EA-9E4C-4CCC6A93A440;NULL;00146071002300003951;2020-06-03 11:20:46.1400000;1910.000;400.000;0DEC3A05-DB99-4F10-9F88-2BFF6B078F65
-2147483418;50;F1A90176-894E-11EA-9E4C-4CCC6A93A440;NULL;00146071002300003968;2020-06-03 11:21:15.5666667;1910.000;400.000;83C3052C-026C-4A62-8284-C1260A7A82A5
-2147483417;209;F1A90176-894E-11EA-9E4C-4CCC6A93A440;NULL;00146071002300003975;2020-06-03 11:27:15.0666667;1910.000;500.000;27E4C16C-33B3-48DC-B648-EADF89C44751
-2147483416;204;F1A90176-894E-11EA-9E4C-4CCC6A93A440;NULL;00146071002300003982;2020-06-03 11:27:35.5933333;1910.000;500.000;01A2E212-BE4B-421A-A942-B5C547BDAAD2
-2147483415;50;F1A90176-894E-11EA-9E4C-4CCC6A93A440;73ED3B47-A404-11EA-9E4D-4CCC6A93A440;00146071002300003999;2020-06-03 12:02:00.4766667;0.000;400.000;C512F5DA-B25F-4F51-968B-BCD160EC35BA
-2147483414;50;F1A90176-894E-11EA-9E4C-4CCC6A93A440;73ED3B47-A404-11EA-9E4D-4CCC6A93A440;00146071002300004002;2020-06-03 12:02:54.5800000;0.000;400.000;18C53C4D-2D11-4F14-A283-CEC873B60D86
-2147483413;50;F1A90176-894E-11EA-9E4C-4CCC6A93A440;73ED3B47-A404-11EA-9E4D-4CCC6A93A440;00146071002300004019;2020-06-03 12:04:50.6533333;0.000;400.000;60ED7404-6B81-4D18-B0AB-66389E283DA9
-2147483412;208;F1A90176-894E-11EA-9E4C-4CCC6A93A440;73ED3B48-A404-11EA-9E4D-4CCC6A93A440;00146071002300004026;2020-06-03 13:08:12.2266667;1465.000;500.000;8670451D-C88E-44C4-AA46-5BB26ED484A2
-2147483411;50;F1A90176-894E-11EA-9E4C-4CCC6A93A440;73ED3B47-A404-11EA-9E4D-4CCC6A93A440;00146071002300004033;2020-06-03 13:11:54.1233333;1570.000;400.000;294F5233-1485-42C6-94E7-0127C7A0C0EA
-2147483410;50;F1A90176-894E-11EA-9E4C-4CCC6A93A440;73ED3B47-A404-11EA-9E4D-4CCC6A93A440;00146071002300004040;2020-06-03 13:12:13.5133333;1570.000;400.000;1B5D5A82-8A78-40AC-AD09-C4F0A9B4169F
-2147483409;101;F1A90176-894E-11EA-9E4C-4CCC6A93A440;NULL;00146071002300004057;2020-06-03 15:48:38.8500000;1374.000;150.000;C90C1C66-E7EF-49F7-B85C-C4E3F004188E
-2147483408;101;F1A90176-894E-11EA-9E4C-4CCC6A93A440;NULL;00146071002300004064;2020-06-03 15:48:38.8800000;1374.000;150.000;52CA16E9-0922-4C2C-B1D4-DAFFC214597C
-2147483407;101;F1A90176-894E-11EA-9E4C-4CCC6A93A440;NULL;00146071002300004071;2020-06-03 15:48:38.8966667;1374.000;150.000;AB39CD66-EAD0-4FA3-B0AA-30A7089A7C07
-2147483406;101;F1A90176-894E-11EA-9E4C-4CCC6A93A440;NULL;00146071002300004088;2020-06-03 15:48:38.9133333;1374.000;150.000;BC2FCBE4-456E-478F-B786-711B3AD4ABD9
-2147483405;101;F1A90176-894E-11EA-9E4C-4CCC6A93A440;NULL;00146071002300004095;2020-06-03 15:48:38.9300000;1374.000;150.000;B4EF087C-DC29-4724-A4DF-EDE2C9FC0FCD
-2147483404;101;F1A90176-894E-11EA-9E4C-4CCC6A93A440;NULL;00146071002300004101;2020-06-03 15:48:38.9433333;1374.000;150.000;66C24803-361D-47FE-942F-03001629F174
-2147483403;101;F1A90176-894E-11EA-9E4C-4CCC6A93A440;NULL;00146071002300004118;2020-06-03 15:48:39.2566667;1374.000;150.000;630F1E29-7B6B-4B37-A30F-7C2E9DD83DC6
-2147483402;101;F1A90176-894E-11EA-9E4C-4CCC6A93A440;NULL;00146071002300004125;2020-06-03 15:48:39.2733333;1504.000;250.000;FD1B01E3-E0DF-4C97-992C-87764C9379D0
-2147483401;101;F1A90176-894E-11EA-9E4C-4CCC6A93A440;NULL;00146071002300004132;2020-06-03 15:48:39.3033333;1374.000;150.000;611AD68D-D8D0-42E6-97EC-9F8D26C517DE
-2147483400;101;F1A90176-894E-11EA-9E4C-4CCC6A93A440;D7051D4B-94FC-11EA-9E4C-4CCC6A93A440;00146071002300004149;2020-06-03 15:48:39.3033333;1374.000;150.000;9FCAAD77-308B-468B-A413-48921581F8BE
-2147483399;101;F1A90176-894E-11EA-9E4C-4CCC6A93A440;NULL;00146071002300004156;2020-06-03 15:48:39.3200000;1374.000;150.000;ECB9FED1-02B5-43B0-9243-43F18061AA95
-2147483398;101;F1A90176-894E-11EA-9E4C-4CCC6A93A440;NULL;00146071002300004163;2020-06-03 15:48:39.3333333;1374.000;150.000;BC023DDD-6850-42D5-A27F-83A9465895E7
-2147483397;50;F1A90176-894E-11EA-9E4C-4CCC6A93A440;NULL;00146071002300004170;2020-06-03 15:48:39.7733333;16149.000;1987.000;914B9B2C-EA8E-434C-87A4-23B6AE9B8397
-2147483396;50;F1A90176-894E-11EA-9E4C-4CCC6A93A440;73ED3B47-A404-11EA-9E4D-4CCC6A93A440;00146071002300004187;2020-06-03 16:37:24.6400000;1565.000;400.000;8472A207-4028-4888-8A5F-F94955531AD6
-2147483395;50;F1A90176-894E-11EA-9E4C-4CCC6A93A440;73ED3B47-A404-11EA-9E4D-4CCC6A93A440;00146071002300004194;2020-06-03 16:37:45.7700000;1565.000;400.000;0D3B77AB-90A9-4CBF-BF27-403736EB2D32
-2147483394;50;F1A90176-894E-11EA-9E4C-4CCC6A93A440;73ED3B47-A404-11EA-9E4D-4CCC6A93A440;00146071002300004200;2020-06-03 16:40:59.8666667;1565.000;400.000;4EEFFF43-9F74-4410-A5FD-2AD1686D6542
-2147483393;50;F1A90176-894E-11EA-9E4C-4CCC6A93A440;73ED3B47-A404-11EA-9E4D-4CCC6A93A440;00146071002300004217;2020-06-03 16:41:06.4300000;1565.000;400.000;D183AE01-841C-4862-AE7D-FE206056B305
-2147483392;50;F1A90176-894E-11EA-9E4C-4CCC6A93A440;73ED3B47-A404-11EA-9E4D-4CCC6A93A440;00146071002300004224;2020-06-03 16:41:41.7466667;1565.000;400.000;7A2A8665-E109-4C42-8BEC-08BBAEF4FB13
-2147483391;50;F1A90176-894E-11EA-9E4C-4CCC6A93A440;73ED3B47-A404-11EA-9E4D-4CCC6A93A440;00146071002300004231;2020-06-03 16:41:57.3100000;1565.000;400.000;83B69F9C-2654-4F9A-BC94-1CF3740D8DF3
-2147483390;208;F1A90176-894E-11EA-9E4C-4CCC6A93A440;73ED3B48-A404-11EA-9E4D-4CCC6A93A440;00146071002300004248;2020-06-03 16:42:53.9066667;1465.000;500.000;4B8898CF-3B39-4F4A-812D-142F08E4CBC3
-2147483389;101;F1A90176-894E-11EA-9E4C-4CCC6A93A440;NULL;00146071002300004255;2020-06-03 17:41:26.0633333;1374.000;150.000;57A06FB0-98FA-46AB-8F96-5999329C8EBA
-2147483388;101;F1A90176-894E-11EA-9E4C-4CCC6A93A440;NULL;00146071002300004262;2020-06-03 17:41:26.0966667;1374.000;150.000;77A8A16B-8369-4C9E-AFFC-7BD78B1AB420
-2147483387;101;F1A90176-894E-11EA-9E4C-4CCC6A93A440;NULL;00146071002300004279;2020-06-03 17:41:26.1100000;1374.000;150.000;F1969689-7550-4F81-9B2A-3686C705AEDC
-2147483386;101;F1A90176-894E-11EA-9E4C-4CCC6A93A440;NULL;00146071002300004286;2020-06-03 17:41:26.1433333;1374.000;150.000;73D700E9-9073-4383-A6D6-3E61C4C5B41A
-2147483385;101;F1A90176-894E-11EA-9E4C-4CCC6A93A440;NULL;00146071002300004293;2020-06-03 17:41:26.1566667;1374.000;150.000;392D6409-48F1-4FCF-B965-CD73A043C3D6
-2147483384;101;F1A90176-894E-11EA-9E4C-4CCC6A93A440;NULL;00146071002300004309;2020-06-03 17:41:26.1733333;1374.000;150.000;92F9CF55-6066-415F-9952-E3B7B19725F3
-2147483383;101;F1A90176-894E-11EA-9E4C-4CCC6A93A440;NULL;00146071002300004316;2020-06-03 17:41:26.4866667;1374.000;150.000;8A2C5C14-9A96-4D81-892E-E097058B5743
-2147483382;101;F1A90176-894E-11EA-9E4C-4CCC6A93A440;NULL;00146071002300004323;2020-06-03 17:41:26.5000000;1504.000;250.000;E48BF777-268E-449D-B3C8-174C41E089F1
-2147483381;101;F1A90176-894E-11EA-9E4C-4CCC6A93A440;NULL;00146071002300004330;2020-06-03 17:41:26.5333333;1374.000;150.000;D137FFA3-A09D-4729-AF79-AC9188F1DAB7
-2147483380;101;F1A90176-894E-11EA-9E4C-4CCC6A93A440;D7051D4B-94FC-11EA-9E4C-4CCC6A93A440;00146071002300004347;2020-06-03 17:41:26.5333333;1374.000;150.000;787ACC2B-E33A-472A-9F37-014F41D64F5C
-2147483379;101;F1A90176-894E-11EA-9E4C-4CCC6A93A440;NULL;00146071002300004354;2020-06-03 17:41:26.5500000;1374.000;150.000;23FC41FF-78CB-428D-8479-45DAA3523406
-2147483378;101;F1A90176-894E-11EA-9E4C-4CCC6A93A440;NULL;00146071002300004361;2020-06-03 17:41:26.5633333;1374.000;150.000;4333D9F3-B124-4AF0-9C8D-411C667FFB9E
-2147483377;50;F1A90176-894E-11EA-9E4C-4CCC6A93A440;NULL;00146071002300004378;2020-06-03 17:41:26.7033333;14035.000;450.000;DE3E6A95-464C-41B2-8639-DD2CC52E7600
-2147483376;101;F1A90176-894E-11EA-9E4C-4CCC6A93A440;NULL;00146071002300004385;2020-06-03 17:51:07.3766667;1374.000;150.000;8E282146-D622-475C-9959-3DD17402C90B
-2147483375;101;F1A90176-894E-11EA-9E4C-4CCC6A93A440;NULL;00146071002300004392;2020-06-03 17:51:07.4066667;1374.000;150.000;ED0EE11B-ADCF-451C-B6F9-50E4B1B11EFE
-2147483374;101;F1A90176-894E-11EA-9E4C-4CCC6A93A440;NULL;00146071002300004408;2020-06-03 17:51:07.4233333;1374.000;150.000;2579086A-5E5F-4A92-A01A-A4D4D53971EC
-2147483373;101;F1A90176-894E-11EA-9E4C-4CCC6A93A440;NULL;00146071002300004415;2020-06-03 17:51:07.4400000;1374.000;150.000;809B11B1-ADC6-4FEF-9116-31A23685A2A7
-2147483372;101;F1A90176-894E-11EA-9E4C-4CCC6A93A440;NULL;00146071002300004422;2020-06-03 17:51:07.4533333;1374.000;150.000;F074AEF3-1853-4E95-9372-20A0384B8D29
-2147483371;101;F1A90176-894E-11EA-9E4C-4CCC6A93A440;NULL;00146071002300004439;2020-06-03 17:51:07.4700000;1374.000;150.000;29D9CC2B-0570-4F81-86BF-601F5F0D1D3D
-2147483370;101;F1A90176-894E-11EA-9E4C-4CCC6A93A440;NULL;00146071002300004446;2020-06-03 17:51:07.7833333;1374.000;150.000;91EF6157-7313-4788-934F-EEE1A2BD5A37
-2147483369;101;F1A90176-894E-11EA-9E4C-4CCC6A93A440;NULL;00146071002300004453;2020-06-03 17:51:07.8000000;1504.000;250.000;A40AC04B-2245-426D-BEAD-3697F1F201C5
-2147483368;101;F1A90176-894E-11EA-9E4C-4CCC6A93A440;NULL;00146071002300004460;2020-06-03 17:51:07.8133333;1374.000;150.000;ADB10687-751F-4524-B303-A800E54B2038
-2147483367;101;F1A90176-894E-11EA-9E4C-4CCC6A93A440;D7051D4B-94FC-11EA-9E4C-4CCC6A93A440;00146071002300004477;2020-06-03 17:51:07.8133333;1374.000;150.000;6E6D8C71-A54D-4A3A-B07E-0ACE0017C067
-2147483366;101;F1A90176-894E-11EA-9E4C-4CCC6A93A440;NULL;00146071002300004484;2020-06-03 17:51:07.8300000;1374.000;150.000;BF89E3C5-6DA5-409A-A251-326192A35F26
-2147483365;101;F1A90176-894E-11EA-9E4C-4CCC6A93A440;NULL;00146071002300004491;2020-06-03 17:51:07.8600000;1374.000;150.000;A21D386D-49F2-49C0-A3BC-9A6C13CB383B
-2147483364;50;F1A90176-894E-11EA-9E4C-4CCC6A93A440;NULL;00146071002300004507;2020-06-03 17:51:07.9866667;6195.000;61.000;0265A514-5638-4DD3-8CB4-205B73253DE0
-2147483363;50;F1A90176-894E-11EA-9E4C-4CCC6A93A440;73ED3B47-A404-11EA-9E4D-4CCC6A93A440;00146071002300004514;2020-06-04 08:35:12.0033333;-395.000;400.000;9803E421-006F-4D54-BAF2-24D58EF4D77E
-2147483362;50;F1A90176-894E-11EA-9E4C-4CCC6A93A440;73ED3B47-A404-11EA-9E4D-4CCC6A93A440;00146071002300004521;2020-06-04 08:35:48.8366667;-395.000;400.000;373B3263-2415-4852-A650-FBABF3E2EA15
-2147483361;50;F1A90176-894E-11EA-9E4C-4CCC6A93A440;73ED3B47-A404-11EA-9E4D-4CCC6A93A440;00146071002300004538;2020-06-04 08:35:56.1966667;-395.000;400.000;9BF29718-9197-4D2A-8890-034F8A351763
-2147483360;50;F1A90176-894E-11EA-9E4C-4CCC6A93A440;73ED3B47-A404-11EA-9E4D-4CCC6A93A440;00146071002300004545;2020-06-04 08:35:56.6800000;-395.000;400.000;C3C48EB0-A5FE-4D26-B168-AD47D7F9C7C6
-2147483359;50;F1A90176-894E-11EA-9E4C-4CCC6A93A440;73ED3B47-A404-11EA-9E4D-4CCC6A93A440;00146071002300004552;2020-06-04 08:36:01.7300000;-395.000;400.000;6483E03E-D208-47BF-B1EB-DD2FDCEDCA79
-2147483358;50;F1A90176-894E-11EA-9E4C-4CCC6A93A440;73ED3B47-A404-11EA-9E4D-4CCC6A93A440;00146071002300004569;2020-06-04 08:36:09.9000000;-395.000;400.000;1BDD4DD7-1D9A-41E0-9443-B5655FC33732
-2147483357;50;F1A90176-894E-11EA-9E4C-4CCC6A93A440;73ED3B47-A404-11EA-9E4D-4CCC6A93A440;00146071002300004576;2020-06-04 09:15:18.3133333;-395.000;400.000;E8DEDF93-B49C-45A7-BB10-29AFD784787D
-2147483356;50;F1A90176-894E-11EA-9E4C-4CCC6A93A440;NULL;00146071002300004583;2020-06-04 09:16:35.9466667;1555.000;400.000;CCAE46F0-2350-4E7A-93EC-CCC01D67BA4F
-2147483355;50;F1A90176-894E-11EA-9E4C-4CCC6A93A440;NULL;00146071002300004590;2020-06-04 09:17:50.9833333;1555.000;400.000;8B7609E6-F8AC-4B3B-958C-BA49FA3BB733
-2147483354;204;F1A90176-894E-11EA-9E4C-4CCC6A93A440;NULL;00146071002300004606;2020-06-04 12:15:19.2500000;2035.000;500.000;78F16AC0-97F3-452A-8B1A-A165FE20060C
-2147483353;50;F1A90176-894E-11EA-9E4C-4CCC6A93A440;NULL;00146071002300004613;2020-06-04 12:15:26.0633333;2135.000;400.000;3243ECCD-2162-40C5-9AE6-C68B86E89C34
-2147483352;50;F1A90176-894E-11EA-9E4C-4CCC6A93A440;NULL;00146071002300004620;2020-06-04 12:15:35.9400000;2135.000;400.000;AE16E368-8F1B-4A39-84C4-FA8BA6A27E12
-2147483351;50;F1A90176-894E-11EA-9E4C-4CCC6A93A440;NULL;00146071002300004637;2020-06-04 12:17:20.3866667;2130.000;400.000;8CB0F255-03C8-4229-8927-2017A753DFE2
-2147483350;50;F1A90176-894E-11EA-9E4C-4CCC6A93A440;NULL;00146071002300004644;2020-06-04 16:53:18.1666667;1442315908.000;400.000;6999CE1C-6CCE-44F8-A175-9A26A2727F0A
-2147483349;50;F1A90176-894E-11EA-9E4C-4CCC6A93A440;NULL;00146071002300004651;2020-06-04 16:53:30.9500000;-400.000;400.000;50FAE6DF-4C2B-4B22-ACE3-77BF50D404AF
-2147483348;50;F1A90176-894E-11EA-9E4C-4CCC6A93A440;NULL;00146071002300004668;2020-06-04 16:56:03.7933333;1565.000;400.000;B1EF5A28-6D26-4792-88B4-D10A643549CE
-2147483347;50;F1A90176-894E-11EA-9E4C-4CCC6A93A440;NULL;00146071002300004675;2020-06-04 16:56:11.7966667;1600.000;400.000;1068A416-A724-4BBD-9D0F-732EA0DF8DD0
-2147483346;50;F1A90176-894E-11EA-9E4C-4CCC6A93A440;NULL;00146071002300004682;2020-06-04 16:56:16.8600000;1760.000;400.000;961B5F0E-1F05-4556-BA95-4168767682DF
-2147483345;50;F1A90176-894E-11EA-9E4C-4CCC6A93A440;NULL;00146071002300004699;2020-06-04 16:56:22.2333333;1835.000;400.000;AEF3C7CE-30A8-4F1E-A53D-F201F0B3297F
-2147483344;50;F1A90176-894E-11EA-9E4C-4CCC6A93A440;NULL;00146071002300004705;2020-06-04 16:56:32.8766667;1835.000;400.000;9AF7108A-9601-45CB-8F08-01F904C30478
-2147483343;50;F1A90176-894E-11EA-9E4C-4CCC6A93A440;NULL;00146071002300004712;2020-06-04 16:56:48.9866667;1835.000;400.000;9E6A7B24-1290-4E34-A850-8EB854EAC83F
-2147483342;50;F1A90176-894E-11EA-9E4C-4CCC6A93A440;NULL;00146071002300004729;2020-06-04 16:56:57.1133333;-165.000;400.000;8CB2DD76-02F4-4106-9985-8B926B0E7EE0
-2147483341;50;F1A90176-894E-11EA-9E4C-4CCC6A93A440;NULL;00146071002300004736;2020-06-04 16:57:31.5833333;1835.000;400.000;E9957AB6-8A11-4B0C-8938-AD05D8365F4D
-2147483340;50;F1A90176-894E-11EA-9E4C-4CCC6A93A440;NULL;00146071002300004743;2020-06-04 16:57:35.9433333;1835.000;400.000;A939BA4A-2596-4FDB-B796-830EC8C6C01C
-2147483339;50;F1A90176-894E-11EA-9E4C-4CCC6A93A440;NULL;00146071002300004750;2020-06-05 09:15:47.5333333;1900.000;400.000;E70D7970-F508-405E-84D4-221E708A0EEB
-2147483338;50;F1A90176-894E-11EA-9E4C-4CCC6A93A440;NULL;00146071002300004767;2020-06-05 09:47:05.7266667;1900.000;400.000;3EDA90CC-39D1-4B08-9317-7DF31EC15598
-2147483337;50;F1A90176-894E-11EA-9E4C-4CCC6A93A440;NULL;00146071002300004774;2020-06-05 11:14:35.0900000;-385.000;400.000;8AD7968D-136E-418A-AA1D-867046D6F2A5
-2147483336;50;F1A90176-894E-11EA-9E4C-4CCC6A93A440;NULL;00146071002300004781;2020-06-05 11:23:13.1166667;1560.000;400.000;C473CB63-8F91-4810-8A5F-8CC17671201F
-2147483335;50;F1A90176-894E-11EA-9E4C-4CCC6A93A440;NULL;00146071002300004798;2020-06-05 14:19:37.2100000;1555.000;400.000;6644A73D-279C-41D9-AADE-D6E02DAFEAF8
-2147483334;50;F1A90176-894E-11EA-9E4C-4CCC6A93A440;NULL;00146071002300004804;2020-06-05 14:29:45.2066667;-400.000;400.000;81E0777E-A3C4-4977-88DC-55D6E9D85B7B
